"Accuracy","Kappa","Sensitivity","Specificity","AUC","CI_Lower","CI_Upper"
0.721282798833819,0.442036195465998,0.753260452627541,0.688435776201734,0.785350951875943,-0.279169567763451,-0.266167302601025
